Date,DayOfWeek,DayOfMonth,Month,Is_Start_Of_Month,Is_End_Of_Month,Is_Weekend,Is_Holiday,Is_Vacation,Is_Exam_Period,Is_Fest,Days_Until_Holiday,DayOfWeek_Sin,DayOfWeek_Cos,Month_Sin,Month_Cos,Is_Broke_Weekend,Is_Rich_Weekend,WeekOfYear,DayOfYear,Target_Headcount,Target_1_Days_Ago,Target_2_Days_Ago,Target_3_Days_Ago,Target_7_Days_Ago,Target_14_Days_Ago,Target_21_Days_Ago,Target_3_Day_Avg,Target_3_Day_Std,Target_3_Day_Max,Target_3_Day_Min,Target_7_Day_Avg,Target_7_Day_Std,Target_7_Day_Max,Target_7_Day_Min,Target_14_Day_Avg,Target_14_Day_Std,Target_14_Day_Max,Target_14_Day_Min,Target_28_Day_Avg,Target_28_Day_Std,Target_28_Day_Max,Target_28_Day_Min,Target_EWMA_7,Target_EWMA_14,Trend_7_vs_28
2026-01-01,Thursday,1,1,1,0,0,0,1,0,0,9.0,0.43388373911755823,-0.900968867902419,0.49999999999999994,0.8660254037844387,0,0,1,1,74.0,97.0,116.0,82.0,59.0,78.0,215.0,98.33333333333333,17.039170558844095,116.0,82.0,78.42857142857143,24.622869741070907,116.0,40.0,86.71428571428571,24.45224095889654,116.0,40.0,155.14285714285714,101.06679649863938,442.0,40.0,89.86401032281273,103.09969688627727,0.5022872827081427
2026-01-02,Friday,2,1,1,0,0,0,1,0,0,8.0,-0.433883739117558,-0.9009688679024191,0.49999999999999994,0.8660254037844387,0,0,1,2,106.0,74.0,97.0,116.0,75.0,92.0,204.0,95.66666666666667,21.031722072464245,116.0,74.0,80.57142857142857,23.265547796812033,116.0,40.0,86.42857142857143,24.584905580811817,116.0,40.0,150.67857142857142,101.8157571925802,442.0,40.0,85.89800774210954,99.21973730144032,0.5311984930539204
2026-01-03,Saturday,3,1,1,0,1,0,1,0,0,7.0,-0.9749279121818236,-0.2225209339563146,0.49999999999999994,0.8660254037844387,0,1,1,3,135.0,106.0,74.0,97.0,80.0,106.0,172.0,92.33333333333333,16.50252505931683,106.0,74.0,85.0,24.919871588754848,116.0,40.0,87.42857142857143,25.108117858920295,116.0,40.0,138.67857142857142,84.54455479823517,375.0,40.0,90.92350580658216,100.12377232791493,0.6085400153413449
2026-01-04,Sunday,4,1,1,0,1,0,1,0,0,6.0,-0.7818314824680299,0.6234898018587334,0.49999999999999994,0.8660254037844387,0,1,1,4,95.0,135.0,106.0,74.0,40.0,52.0,89.0,105.0,30.512292604785454,135.0,74.0,92.85714285714286,31.007679540336802,135.0,40.0,89.5,27.809101996396862,135.0,40.0,131.35714285714286,74.77681076758674,375.0,40.0,101.94262935493661,104.77393601752628,0.7015650296815974
2026-01-05,Monday,5,1,1,0,0,0,0,0,0,5.0,0.0,1.0,0.49999999999999994,0.8660254037844387,0,0,2,5,494.0,95.0,135.0,106.0,82.0,111.0,192.0,112.0,20.663978319772895,135.0,95.0,100.71428571428571,20.60513112240395,135.0,74.0,92.57142857142857,25.638655568116466,135.0,40.0,129.92857142857142,75.0860881583312,375.0,40.0,100.20697201620246,103.47074454852279,0.7692307692307693
2026-01-06,Tuesday,6,1,1,0,0,0,0,0,0,4.0,0.7818314824680298,0.6234898018587336,0.49999999999999994,0.8660254037844387,0,0,2,6,493.0,494.0,95.0,135.0,116.0,114.0,117.0,241.33333333333334,219.72786198689815,494.0,95.0,159.57142857142858,148.67285914927137,494.0,74.0,119.92857142857143,110.54860698124766,494.0,40.0,137.32142857142858,97.86046512724471,494.0,40.0,198.65522901215184,155.54131194205308,1.1536276788019624
2026-01-07,Wednesday,7,1,1,0,0,0,0,0,0,3.0,0.9749279121818236,-0.22252093395631434,0.49999999999999994,0.8660254037844387,0,0,2,7,583.0,493.0,494.0,95.0,97.0,112.0,142.0,360.6666666666667,230.07462557468904,494.0,95.0,213.42857142857142,192.17774510667397,494.0,74.0,147.0,148.77965121408394,494.0,40.0,147.03571428571428,117.91914434549905,494.0,40.0,272.2414217591139,200.5358036831127,1.4417370325693606
2026-01-08,Thursday,8,1,0,0,0,0,0,0,0,2.0,0.43388373911755823,-0.900968867902419,0.49999999999999994,0.8660254037844387,0,0,2,8,473.0,583.0,493.0,494.0,74.0,59.0,78.0,523.3333333333334,51.67526810122376,583.0,493.0,282.85714285714283,227.6250049031145,583.0,74.0,180.64285714285714,188.26846916973736,583.0,40.0,154.46428571428572,137.7040525353416,583.0,40.0,349.9310663193354,251.5310298586977,1.8194348725017226
2026-01-09,Friday,9,1,0,0,0,0,0,0,0,1.0,-0.433883739117558,-0.9009688679024191,0.49999999999999994,0.8660254037844387,0,0,2,9,373.0,473.0,583.0,493.0,106.0,75.0,92.0,516.3333333333334,58.59465277082333,583.0,473.0,339.85714285714283,216.2825532888469,583.0,95.0,210.21428571428572,199.84962753623907,583.0,40.0,163.67857142857142,149.98865477377475,583.0,40.0,380.6982997395015,281.060225877538,2.0637605725439165
2026-01-10,Saturday,10,1,0,0,1,1,0,0,0,0.0,-0.9749279121818236,-0.2225209339563146,0.49999999999999994,0.8660254037844387,0,0,2,10,395.0,373.0,473.0,583.0,135.0,80.0,106.0,476.3333333333333,105.03967504392496,583.0,373.0,378.0,190.1289036417137,583.0,95.0,231.5,200.20979381254404,583.0,40.0,169.71428571428572,154.98837642028786,583.0,40.0,378.7737248046261,293.31886242719963,2.214225941422594
2026-01-11,Sunday,11,1,0,0,1,1,0,0,0,0.0,-0.7818314824680299,0.6234898018587334,0.49999999999999994,0.8660254037844387,0,0,2,11,188.0,395.0,373.0,473.0,95.0,40.0,52.0,413.6666666666667,52.548390397169634,473.0,373.0,415.14285714285717,157.30906794315104,583.0,95.0,254.0,199.5733911661029,583.0,40.0,177.67857142857142,160.73328576694735,583.0,40.0,382.8302936034696,306.87634743690637,2.3234059564261447
2026-01-12,Monday,12,1,0,0,0,0,0,0,0,5.0,0.0,1.0,0.49999999999999994,0.8660254037844387,0,0,3,12,542.0,188.0,395.0,373.0,494.0,82.0,111.0,318.6666666666667,113.69403385109244,395.0,188.0,428.42857142857144,126.71734575142334,583.0,188.0,264.57142857142856,191.10597715794862,583.0,74.0,181.21428571428572,159.7964810123031,583.0,40.0,334.1227202026022,291.02616777865217,2.351234809878479
2026-01-13,Tuesday,13,1,0,0,0,0,0,0,0,4.0,0.7818314824680298,0.6234898018587336,0.49999999999999994,0.8660254037844387,0,0,3,13,527.0,542.0,188.0,395.0,493.0,116.0,114.0,375.0,177.84543851333387,542.0,188.0,435.2857142857143,132.04382389408252,583.0,188.0,297.42857142857144,196.76214234283108,583.0,74.0,193.71428571428572,173.75138840753178,583.0,40.0,386.09204015195166,324.4893454081652,2.2355099046221567
2026-01-14,Wednesday,14,1,0,0,0,0,0,0,0,3.0,0.9749279121818236,-0.22252093395631434,0.49999999999999994,0.8660254037844387,0,0,3,14,617.0,527.0,542.0,188.0,583.0,97.0,112.0,419.0,200.19240744843452,542.0,188.0,440.14285714285717,135.11036053467393,583.0,188.0,326.7857142857143,198.2656254668421,583.0,74.0,208.35714285714286,184.0197683192627,583.0,40.0,421.3190301139638,351.49076602040986,2.1023541453428867
2026-01-15,Thursday,15,1,0,0,0,0,0,0,0,2.0,0.43388373911755823,-0.900968867902419,0.49999999999999994,0.8660254037844387,0,0,3,15,468.0,617.0,527.0,542.0,473.0,74.0,59.0,562.0,48.218253804965,617.0,527.0,445.0,141.55917490576175,617.0,188.0,363.92857142857144,200.6008145875452,617.0,74.0,225.32142857142858,198.96362101342157,617.0,40.0,470.2392725854728,386.8919972176885,1.9662300773236545
2026-01-16,Friday,16,1,0,0,0,0,0,0,0,1.0,-0.433883739117558,-0.9009688679024191,0.49999999999999994,0.8660254037844387,0,0,3,16,415.0,468.0,617.0,527.0,373.0,106.0,75.0,537.3333333333334,75.0355471315653,617.0,468.0,444.2857142857143,141.40687664291582,617.0,188.0,392.07142857142856,183.72490484237713,617.0,95.0,239.25,201.89777849932605,617.0,40.0,469.6794544391046,397.7063975886634,1.8492641593578119
2026-01-17,Saturday,17,1,0,0,1,1,0,0,0,0.0,-0.9749279121818236,-0.2225209339563146,0.49999999999999994,0.8660254037844387,0,0,3,17,385.0,415.0,468.0,617.0,395.0,135.0,80.0,500.0,104.7329938462566,617.0,415.0,450.2857142857143,138.74402604042024,617.0,188.0,414.14285714285717,164.24224938643636,617.0,95.0,250.78571428571428,202.39974329197165,617.0,40.0,456.00959082932843,400.01221124350826,1.7883687943262412
2026-01-18,Sunday,18,1,0,0,1,1,0,0,0,0.0,-0.7818314824680299,0.6234898018587334,0.49999999999999994,0.8660254037844387,0,0,3,18,185.0,385.0,415.0,468.0,188.0,95.0,40.0,422.6666666666667,42.02776859807522,468.0,385.0,448.85714285714283,139.45779358098363,617.0,188.0,432.0,143.88724217781902,617.0,95.0,260.75,201.87484663450184,617.0,40.0,438.25719312199635,398.01058307770717,1.7148314913357892
2026-01-19,Monday,19,1,0,0,0,0,0,0,0,5.0,0.0,1.0,0.49999999999999994,0.8660254037844387,0,0,4,19,545.0,185.0,385.0,415.0,542.0,494.0,82.0,328.3333333333333,125.03332889007378,415.0,185.0,448.42857142857144,140.3945121705941,617.0,185.0,438.42857142857144,128.90289385407883,617.0,185.0,265.5,198.31447155875833,617.0,40.0,374.94289484149726,369.60917200067956,1.6826588046100242
2026-01-20,Tuesday,20,1,0,0,0,0,0,0,0,4.0,0.7818314824680298,0.6234898018587336,0.49999999999999994,0.8660254037844387,0,0,4,20,468.0,545.0,185.0,385.0,527.0,493.0,116.0,371.6666666666667,180.36999011291581,545.0,185.0,448.85714285714283,140.73193024497405,617.0,185.0,442.07142857142856,131.29266444193905,617.0,185.0,281.0,202.70357850995296,617.0,40.0,417.45717113112295,392.99461573392233,1.591691995947315
2026-01-21,Wednesday,21,1,0,0,0,0,0,0,0,3.0,0.9749279121818236,-0.22252093395631434,0.49999999999999994,0.8660254037844387,0,0,4,21,610.0,468.0,545.0,185.0,617.0,583.0,97.0,399.3333333333333,189.56880896743894,545.0,185.0,440.42857142857144,136.98887685119706,617.0,185.0,440.2857142857143,130.71544465948676,617.0,185.0,293.64285714285717,202.94137345105597,617.0,40.0,430.0928783483422,402.995333636066,1.4947878787878788
2026-01-22,Thursday,22,1,0,0,0,0,0,0,0,2.0,0.43388373911755823,-0.900968867902419,0.49999999999999994,0.8660254037844387,0,0,4,22,465.0,610.0,468.0,545.0,468.0,473.0,74.0,541.0,71.08445681019184,610.0,468.0,439.42857142857144,135.5025917868453,610.0,185.0,442.2142857142857,133.15934848110348,617.0,185.0,311.42857142857144,208.18713600480575,617.0,40.0,475.0696587612566,430.5959558179239,1.4064929126657522
2026-01-23,Friday,23,1,0,0,0,0,0,0,0,1.0,-0.433883739117558,-0.9009688679024191,0.49999999999999994,0.8660254037844387,0,0,4,23,362.0,465.0,610.0,468.0,415.0,373.0,106.0,514.3333333333334,82.86334131166426,610.0,465.0,439.0,135.40187098658097,610.0,185.0,441.64285714285717,133.03418134672486,617.0,185.0,325.92857142857144,204.0522679176292,617.0,40.0,472.5522440709425,435.1831617088674,1.342800961328381
2026-01-24,Saturday,24,1,0,1,1,1,0,0,0,0.0,-0.9749279121818236,-0.2225209339563146,0.49999999999999994,0.8660254037844387,1,0,4,24,338.0,362.0,465.0,610.0,385.0,395.0,135.0,479.0,124.59133196173813,610.0,362.0,431.42857142857144,138.4158675186932,610.0,185.0,440.85714285714283,133.50243855039116,617.0,185.0,336.17857142857144,198.1023030829585,617.0,40.0,444.9141830532069,425.42540681435173,1.2795254739963986
2026-01-25,Sunday,25,1,0,1,1,1,0,0,0,0.0,-0.7818314824680299,0.6234898018587334,0.49999999999999994,0.8660254037844387,1,0,4,25,145.0,338.0,362.0,465.0,185.0,188.0,95.0,388.3333333333333,67.47098141670507,465.0,338.0,424.7142857142857,142.13340480655773,610.0,185.0,436.7857142857143,135.85692619665832,617.0,185.0,345.39285714285717,191.64016034798374,617.0,40.0,418.1856372899052,413.7686859057715,1.2261057841014538
2026-01-26,Monday,26,1,0,1,0,1,0,0,0,0.0,0.0,1.0,0.49999999999999994,0.8660254037844387,0,0,5,26,248.0,145.0,338.0,362.0,545.0,542.0,494.0,281.6666666666667,118.96357986095308,362.0,145.0,419.0,153.70968306084922,610.0,145.0,433.7142857142857,142.2497416904118,617.0,145.0,349.14285714285717,186.39856029600426,617.0,74.0,349.8892279674289,377.9328611183353,1.1966544267645858
2026-01-27,Tuesday,27,1,0,1,0,0,0,0,0,4.0,0.7818314824680298,0.6234898018587336,0.49999999999999994,0.8660254037844387,0,0,5,27,439.0,248.0,145.0,338.0,468.0,527.0,493.0,243.66666666666666,96.57294307068291,338.0,145.0,376.57142857142856,154.1231727578706,610.0,145.0,412.7142857142857,146.66677489173452,617.0,145.0,355.07142857142856,180.1213435789836,617.0,74.0,324.41692097557166,360.6084796358906,1.0575727181544634
2026-01-28,Wednesday,28,1,0,1,0,0,0,0,0,3.0,0.9749279121818236,-0.22252093395631434,0.49999999999999994,0.8660254037844387,0,0,5,28,579.0,439.0,248.0,145.0,610.0,617.0,583.0,277.3333333333333,149.17886356093933,439.0,145.0,372.42857142857144,151.6254784470135,610.0,145.0,406.42857142857144,143.23767998342072,617.0,145.0,366.60714285714283,174.498506686959,617.0,74.0,353.06269073167874,371.06068235110524,1.0131157097056254
2026-01-29,Thursday,29,1,0,1,0,0,0,0,0,2.0,0.43388373911755823,-0.900968867902419,0.49999999999999994,0.8660254037844387,0,0,5,29,657.0,579.0,439.0,248.0,465.0,468.0,473.0,422.0,166.15354344701774,579.0,248.0,368.0,143.77992442155025,579.0,145.0,403.7142857142857,139.24490244580855,610.0,145.0,383.82142857142856,170.6488822269013,617.0,74.0,409.54701804875907,398.78592470429123,0.9562877030162413
2026-01-30,Friday,30,1,0,1,0,0,0,0,0,1.0,-0.433883739117558,-0.9009688679024191,0.49999999999999994,0.8660254037844387,0,0,5,30,357.0,657.0,579.0,439.0,362.0,415.0,373.0,558.3333333333334,110.45964572337408,657.0,439.0,395.42857142857144,179.2957121097781,657.0,145.0,417.2142857142857,154.30448349407578,657.0,145.0,404.64285714285717,166.97376469145655,657.0,95.0,471.4102635365693,433.2144680770524,0.9748195104771966
2026-01-31,Saturday,31,1,0,1,1,1,0,0,0,0.0,-0.9749279121818236,-0.2225209339563146,0.49999999999999994,0.8660254037844387,1,0,5,31,346.0,357.0,657.0,579.0,338.0,385.0,395.0,531.0,155.6534612528741,657.0,357.0,394.7142857142857,179.4609653803248,657.0,145.0,413.07142857142856,155.14482776559927,657.0,145.0,413.60714285714283,156.77285745937857,657.0,95.0,442.80769765242695,423.0525390001121,0.9520199844947886
2026-02-01,Sunday,1,2,1,0,1,1,0,0,0,0.0,-0.7818314824680299,0.6234898018587334,0.8660254037844386,0.5000000000000001,0,1,5,32,183.0,346.0,357.0,657.0,145.0,185.0,188.0,453.3333333333333,176.46623850848442,657.0,346.0,395.85714285714283,179.06463318350416,657.0,145.0,410.2857142857143,156.03521721389978,657.0,145.0,421.14285714285717,147.69305364585665,657.0,95.0,418.60577323932023,412.7788671334305,0.9377326565143823
2026-02-02,Monday,2,2,1,0,0,0,0,0,0,6.0,0.0,1.0,0.8660254037844386,0.5000000000000001,0,0,6,33,511.0,183.0,346.0,357.0,248.0,545.0,542.0,295.3333333333333,97.43886972524521,357.0,183.0,401.2857142857143,170.566423313338,657.0,183.0,410.14285714285717,156.25809869121437,657.0,145.0,424.2857142857143,141.29345798670602,657.0,145.0,359.7043299294902,382.14168484897306,0.9435673496808868
2026-02-03,Tuesday,3,2,1,0,0,0,0,0,0,5.0,0.7818314824680298,0.6234898018587336,0.8660254037844386,0.5000000000000001,0,0,6,34,446.0,511.0,183.0,346.0,439.0,468.0,527.0,346.6666666666667,164.00101625701382,511.0,183.0,438.85714285714283,159.8003218305361,657.0,183.0,407.7142857142857,154.2522552242207,657.0,145.0,424.89285714285717,141.640216951969,657.0,145.0,397.5282474471177,399.32279353577667,1.030440251572327
2026-02-04,Wednesday,4,2,1,0,0,0,0,0,0,4.0,0.9749279121818236,-0.22252093395631434,0.8660254037844386,0.5000000000000001,0,0,6,35,568.0,446.0,511.0,183.0,579.0,610.0,617.0,380.0,173.6749838059586,511.0,183.0,439.85714285714283,159.82326548558643,657.0,183.0,406.14285714285717,153.70193790022816,657.0,145.0,423.2142857142857,141.08058037423135,657.0,145.0,409.64618558533823,405.5464210643398,1.036874894763428
2026-02-05,Thursday,5,2,1,0,0,0,0,0,0,3.0,0.43388373911755823,-0.900968867902419,0.8660254037844386,0.5000000000000001,0,0,6,36,479.0,568.0,446.0,511.0,657.0,465.0,468.0,508.3333333333333,61.04370019365888,568.0,446.0,438.2857142857143,158.27372311464552,657.0,183.0,403.14285714285717,149.77668358277543,657.0,145.0,422.67857142857144,140.4785613197828,657.0,145.0,449.2346391890037,427.2068982557612,1.0344769451234932
2026-02-06,Friday,6,2,1,0,0,0,0,0,0,2.0,-0.433883739117558,-0.9009688679024191,0.8660254037844386,0.5000000000000001,0,0,6,37,442.0,479.0,568.0,446.0,357.0,362.0,415.0,497.6666666666667,63.10573138260351,568.0,446.0,412.85714285714283,128.84024807415412,568.0,183.0,404.14285714285717,150.26738073941928,657.0,145.0,422.89285714285717,140.5627154836117,657.0,145.0,456.6759793917528,434.11264515499306,0.9739657932429016
2026-02-07,Saturday,7,2,1,0,1,0,0,0,0,1.0,-0.9749279121818236,-0.2225209339563146,0.8660254037844386,0.5000000000000001,0,1,6,38,495.0,442.0,479.0,568.0,346.0,338.0,385.0,496.3333333333333,64.76367294504928,568.0,442.0,425.0,126.68596344241688,568.0,183.0,409.85714285714283,150.0624778308926,657.0,145.0,425.35714285714283,140.260132475,657.0,145.0,453.0069845438146,435.1642924676607,0.9968168872507959
2026-02-08,Sunday,8,2,0,0,1,1,0,0,0,0.0,-0.7818314824680299,0.6234898018587334,0.8660254037844386,0.5000000000000001,0,0,6,39,184.0,495.0,442.0,479.0,183.0,145.0,185.0,472.0,27.18455443813588,495.0,442.0,446.2857142857143,123.682003926352,568.0,183.0,421.07142857142856,150.14580825405554,657.0,145.0,428.92857142857144,140.73087754355717,657.0,145.0,463.50523840786093,443.14238680530593,1.0380461870742648
2026-02-09,Monday,9,2,0,0,0,0,0,0,0,5.0,0.0,1.0,0.8660254037844386,0.5000000000000001,0,0,7,40,559.0,184.0,495.0,442.0,511.0,248.0,545.0,373.6666666666667,166.38008694953044,495.0,184.0,446.42857142857144,123.32728427894251,568.0,184.0,423.85714285714283,144.89988965481615,657.0,183.0,428.7857142857143,140.9863027607198,657.0,145.0,393.6289288058957,408.5900685645985,1.038723616420143
2026-02-10,Tuesday,10,2,0,0,0,0,0,0,0,4.0,0.7818314824680298,0.6234898018587336,0.8660254037844386,0.5000000000000001,0,0,7,41,482.0,559.0,184.0,495.0,446.0,439.0,468.0,412.6666666666667,200.59993353272407,559.0,184.0,453.2857142857143,128.73191042591117,568.0,184.0,446.07142857142856,139.60849890688183,657.0,183.0,429.39285714285717,141.52747129894928,657.0,145.0,434.9716966044218,428.64472608931874,1.0531906065886647
2026-02-11,Wednesday,11,2,0,0,0,0,0,0,0,3.0,0.9749279121818236,-0.22252093395631434,0.8660254037844386,0.5000000000000001,0,0,7,42,554.0,482.0,559.0,184.0,568.0,579.0,610.0,408.3333333333333,198.05638927672422,559.0,184.0,458.42857142857144,129.11087888949987,568.0,184.0,449.14285714285717,139.91363112943654,657.0,183.0,427.7857142857143,140.63068448240307,657.0,145.0,446.72877245331637,435.7587626107429,1.0691321006163585
2026-02-12,Thursday,12,2,0,0,0,0,0,0,0,2.0,0.43388373911755823,-0.900968867902419,0.8660254037844386,0.5000000000000001,0,0,7,43,444.0,554.0,482.0,559.0,479.0,657.0,465.0,531.6666666666666,43.08518693626995,559.0,482.0,456.42857142857144,127.22533440429925,559.0,184.0,447.35714285714283,138.2787636751079,657.0,183.0,425.5357142857143,137.97006710873634,657.0,145.0,473.54657933998726,451.5242609293105,1.0700828937452902
2026-02-13,Friday,13,2,0,0,0,0,0,0,0,1.0,-0.433883739117558,-0.9009688679024191,0.8660254037844386,0.5000000000000001,0,0,7,44,535.0,444.0,554.0,482.0,442.0,357.0,362.0,493.3333333333333,55.868894148115416,554.0,444.0,451.42857142857144,126.87770639853338,559.0,184.0,432.14285714285717,124.4661567488289,568.0,183.0,424.67857142857144,137.77089236507314,657.0,145.0,466.1599345049905,450.5210261387358,1.060491651984227
2026-02-14,Saturday,14,2,0,0,1,1,0,0,0,0.0,-0.9749279121818236,-0.2225209339563146,0.8660254037844386,0.5000000000000001,0,0,7,45,374.0,535.0,444.0,554.0,495.0,346.0,338.0,511.0,58.79625838435633,554.0,444.0,464.7142857142857,130.5420931931082,559.0,184.0,444.85714285714283,125.28850223068618,568.0,183.0,428.9642857142857,139.31644824399785,657.0,145.0,483.3699508787429,461.7848893202377,1.0808206661682864
2026-02-15,Sunday,15,2,0,0,1,1,0,0,0,0.0,-0.7818314824680299,0.6234898018587334,0.8660254037844386,0.5000000000000001,0,0,7,46,155.0,374.0,535.0,444.0,184.0,183.0,145.0,451.0,80.72793816269552,535.0,374.0,447.42857142857144,133.83305165124858,559.0,184.0,446.85714285714283,123.80372626606398,568.0,183.0,428.57142857142856,139.46044934395098,657.0,145.0,456.02746315905716,450.0802374108727,1.0415696707682076
2026-02-16,Monday,16,2,0,0,0,0,0,0,0,26.0,0.0,1.0,0.8660254037844386,0.5000000000000001,0,0,8,47,529.0,155.0,374.0,535.0,559.0,511.0,248.0,354.6666666666667,190.73629264860247,535.0,155.0,443.2857142857143,143.45000788394827,559.0,155.0,444.85714285714283,128.53006660691452,568.0,155.0,427.5,141.50134144109524,657.0,145.0,380.7705973692929,410.7362057560897,1.034505750958493
2026-02-17,Tuesday,17,2,0,0,0,0,0,0,0,25.0,0.7818314824680298,0.6234898018587336,0.8660254037844386,0.5000000000000001,0,0,8,48,491.0,529.0,155.0,374.0,482.0,446.0,439.0,352.6666666666667,187.91043966031617,529.0,155.0,439.0,139.81893052563873,554.0,155.0,446.14285714285717,129.3301423268589,568.0,155.0,426.92857142857144,141.0408211388214,657.0,145.0,417.8279480269697,426.5047116552778,1.0258721415456518
2026-02-18,Wednesday,18,2,0,0,0,0,0,0,0,24.0,0.9749279121818236,-0.22252093395631434,0.8660254037844386,0.5000000000000001,0,0,8,49,556.0,491.0,529.0,155.0,554.0,568.0,579.0,391.6666666666667,205.83812410079267,529.0,155.0,440.2857142857143,140.32072107106927,554.0,155.0,449.35714285714283,129.88433146626818,568.0,155.0,427.75,141.35550795646208,657.0,145.0,436.12096102022724,435.10408343457414,1.026905456059975
2026-02-19,Thursday,19,2,0,0,0,0,0,0,0,23.0,0.43388373911755823,-0.900968867902419,0.8660254037844386,0.5000000000000001,0,0,8,50,400.0,556.0,491.0,529.0,444.0,479.0,657.0,525.3333333333334,32.65475973473584,556.0,491.0,440.57142857142856,140.5926232570037,556.0,155.0,448.5,129.0782410311365,559.0,155.0,425.82142857142856,139.12772005165712,657.0,145.0,466.09072076517043,451.22353897663095,1.0322148774161157
2026-02-20,Friday,20,2,0,0,0,0,0,0,0,22.0,-0.433883739117558,-0.9009688679024191,0.8660254037844386,0.5000000000000001,0,0,8,51,487.0,400.0,556.0,491.0,535.0,442.0,357.0,482.3333333333333,78.36027905344214,556.0,400.0,434.2857142857143,141.3950898319015,556.0,155.0,442.85714285714283,129.36879729782441,559.0,155.0,423.5,138.9920061650222,657.0,145.0,449.56804057387785,444.3937337797468,1.0230523304728252
2026-02-21,Saturday,21,2,0,0,1,0,0,1,0,21.0,-0.9749279121818236,-0.2225209339563146,0.8660254037844386,0.5000000000000001,0,0,8,52,484.0,487.0,400.0,556.0,374.0,495.0,346.0,481.0,78.17288532477224,556.0,400.0,427.42857142857144,136.78554643779356,556.0,155.0,446.07142857142856,129.90378941930206,559.0,155.0,427.9642857142857,138.95095914609166,657.0,145.0,458.9260304304084,450.07456927578056,0.9964199483806511
2026-02-22,Sunday,22,2,0,0,1,0,0,1,0,20.0,-0.7818314824680299,0.6234898018587334,0.8660254037844386,0.5000000000000001,0,0,8,53,252.0,484.0,487.0,400.0,155.0,184.0,183.0,457.0,49.38623289946289,487.0,400.0,443.14285714285717,135.94046315872836,556.0,155.0,445.2857142857143,129.61803564641394,559.0,155.0,433.17857142857144,138.18721964044812,657.0,145.0,465.1945228228063,454.5979600390099,1.0206465410874395
2026-02-23,Monday,23,2,0,0,0,0,0,1,0,19.0,0.0,1.0,0.8660254037844386,0.5000000000000001,0,0,9,54,500.0,252.0,484.0,487.0,529.0,559.0,511.0,407.6666666666667,134.81963259604785,487.0,252.0,457.0,102.50528441662601,556.0,252.0,450.14285714285717,119.99029264765626,559.0,155.0,437.0,131.22697328871948,657.0,155.0,411.8958921171047,427.58489870047526,1.04337899543379
2026-02-24,Tuesday,24,2,0,1,0,0,0,1,0,18.0,0.7818314824680298,0.6234898018587336,0.8660254037844386,0.5000000000000001,0,0,9,55,397.0,500.0,252.0,484.0,491.0,482.0,446.0,412.0,138.79481258317978,500.0,252.0,452.85714285714283,99.65679199370331,556.0,252.0,445.92857142857144,116.86841008041968,556.0,155.0,446.0,126.3349457534149,657.0,155.0,433.92191908782854,437.24024554041193,1.0131032278683285
2026-02-25,Wednesday,25,2,0,1,0,0,0,1,0,17.0,0.9749279121818236,-0.22252093395631434,0.8660254037844386,0.5000000000000001,0,0,9,56,476.0,397.0,500.0,252.0,556.0,554.0,568.0,383.0,124.59133196173799,500.0,252.0,439.42857142857144,99.99309499970039,556.0,252.0,439.85714285714283,117.05807706687001,556.0,155.0,444.5,126.67002919513386,657.0,155.0,424.69143931587143,431.87487946835705,0.9863716530383198
2026-02-26,Thursday,26,2,0,1,0,0,0,1,0,16.0,0.43388373911755823,-0.900968867902419,0.8660254037844386,0.5000000000000001,0,0,9,57,321.0,476.0,397.0,500.0,400.0,444.0,479.0,457.6666666666667,53.89186704256338,500.0,397.0,428.0,88.34213792598294,500.0,252.0,434.2857142857143,112.99314381612021,556.0,155.0,440.82142857142856,124.08869395820774,657.0,155.0,437.5185794869036,437.75822887257607,0.9687171611025787
2026-02-27,Friday,27,2,0,1,0,0,0,1,0,15.0,-0.433883739117558,-0.9009688679024191,0.8660254037844386,0.5000000000000001,0,0,9,58,343.0,321.0,476.0,397.0,487.0,535.0,442.0,398.0,77.50483855863449,476.0,321.0,416.7142857142857,97.12485827654092,500.0,252.0,425.5,116.89426517485411,556.0,155.0,428.82142857142856,118.53083786006623,568.0,155.0,408.38893461517773,422.1904650228993,0.9695056086414624
2026-02-28,Saturday,28,2,0,1,1,0,0,1,0,14.0,-0.9749279121818236,-0.2225209339563146,0.8660254037844386,0.5000000000000001,1,0,9,59,386.0,343.0,321.0,476.0,484.0,374.0,495.0,380.0,83.86298349092999,476.0,321.0,396.14285714285717,94.98320653573238,500.0,252.0,411.7857142857143,114.29326554723355,556.0,155.0,428.32142857142856,118.87405522354653,568.0,155.0,392.0417009613833,411.6317363531794,0.9227185758256385
2026-03-01,Sunday,1,3,1,0,1,0,0,1,0,13.0,-0.7818314824680299,0.6234898018587334,1.0,6.123233995736766e-17,0,1,9,60,120.0,386.0,343.0,321.0,252.0,155.0,184.0,350.0,33.060550509633025,386.0,321.0,382.14285714285717,86.7398958023907,500.0,252.0,412.64285714285717,114.03279362524587,556.0,155.0,429.75,118.08585232159822,568.0,155.0,390.53127572103745,408.21417150608886,0.8871569521598541
2026-03-02,Monday,2,3,1,0,0,0,0,0,0,12.0,0.0,1.0,1.0,6.123233995736766e-17,0,0,10,61,310.0,120.0,386.0,343.0,500.0,529.0,559.0,283.0,142.79005567615692,386.0,120.0,363.2857142857143,125.4561201984111,500.0,120.0,410.14285714285717,120.32574834292788,556.0,120.0,427.5,123.4403439662994,568.0,120.0,322.8984567907781,369.785615305277,0.8478079679946657
2026-03-03,Tuesday,3,3,1,0,0,0,0,0,0,11.0,0.7818314824680298,0.6234898018587336,1.0,6.123233995736766e-17,0,0,10,62,112.0,310.0,120.0,386.0,397.0,491.0,482.0,272.0,137.01094846763158,386.0,120.0,336.14285714285717,110.62463344034008,476.0,120.0,394.5,117.89614073412204,556.0,120.0,420.32142857142856,124.24648547721158,568.0,120.0,319.6738425930836,361.81419993124007,0.7978299567686701
2026-03-04,Wednesday,4,3,1,0,0,0,0,0,0,10.0,0.9749279121818236,-0.22252093395631434,1.0,6.123233995736766e-17,0,0,10,63,89.0,112.0,310.0,120.0,476.0,556.0,554.0,180.66666666666666,112.07735423953105,310.0,112.0,295.42857142857144,134.38732224786858,476.0,112.0,367.42857142857144,136.13551748489095,556.0,112.0,408.39285714285717,137.0621214350447,568.0,112.0,267.7553819448127,328.50563994040806,0.721626101369624
2026-03-05,Thursday,5,3,1,0,0,0,0,0,0,9.0,0.43388373911755823,-0.900968867902419,1.0,6.123233995736766e-17,0,0,10,64,108.0,89.0,112.0,310.0,321.0,400.0,444.0,170.33333333333334,121.50034293504415,310.0,89.0,240.14285714285714,127.12910573039373,386.0,89.0,334.07142857142856,143.3964189477301,500.0,89.0,391.2857142857143,146.00427622932318,559.0,89.0,223.06653645860953,296.5715546150203,0.612163146394756
2026-03-06,Friday,6,3,1,0,0,0,0,0,0,8.0,-0.433883739117558,-0.9009688679024191,1.0,6.123233995736766e-17,0,0,10,65,138.0,108.0,89.0,112.0,343.0,487.0,535.0,103.0,12.28820572744443,112.0,89.0,209.71428571428572,130.00860777363246,386.0,89.0,313.2142857142857,153.91914889189184,500.0,89.0,378.0357142857143,154.34532762195948,559.0,89.0,194.29990234395714,271.42868066635094,0.5532837086591916
2026-03-07,Saturday,7,3,1,0,1,0,0,0,0,7.0,-0.9749279121818236,-0.2225209339563146,1.0,6.123233995736766e-17,0,1,10,66,172.0,138.0,108.0,89.0,386.0,484.0,374.0,111.66666666666667,24.704925284916992,138.0,89.0,180.42857142857142,117.46468567596177,386.0,89.0,288.2857142857143,151.8559178307509,500.0,89.0,367.17857142857144,160.25813749984894,559.0,89.0,180.22492675796786,253.6381899108375,0.49005723154525166
2026-03-08,Sunday,8,3,0,0,1,0,0,0,0,6.0,-0.7818314824680299,0.6234898018587334,1.0,6.123233995736766e-17,0,0,10,67,134.0,172.0,138.0,108.0,120.0,252.0,155.0,139.33333333333334,32.02082655606082,172.0,108.0,149.85714285714286,75.34018089401552,310.0,89.0,266.0,143.59344317578336,500.0,89.0,355.64285714285717,162.32824867366799,559.0,89.0,178.1686950684759,242.75309792272583,0.4201882635689966
2026-03-09,Monday,9,3,0,0,0,0,0,0,0,5.0,0.0,1.0,1.0,6.123233995736766e-17,0,0,11,68,465.0,134.0,172.0,138.0,310.0,500.0,529.0,148.0,20.880613017821005,172.0,134.0,151.85714285714286,74.59765092688674,310.0,89.0,257.57142857142856,147.87765956290423,500.0,89.0,353.85714285714283,164.5462254731484,559.0,89.0,167.12652130135692,228.2526848663624,0.42793880837359105
2026-03-10,Tuesday,10,3,0,0,0,0,0,0,0,4.0,0.7818314824680298,0.6234898018587336,1.0,6.123233995736766e-17,0,0,11,69,566.0,465.0,134.0,172.0,112.0,397.0,491.0,257.0,181.13254815189896,465.0,134.0,174.0,131.0254428218687,465.0,89.0,255.07142857142858,143.7007918642677,476.0,89.0,350.5,161.1292326973275,556.0,89.0,241.5948909760177,259.8189935508474,0.4950213371266003
2026-03-11,Wednesday,11,3,0,0,0,0,0,0,0,3.0,0.9749279121818236,-0.22252093395631434,1.0,6.123233995736766e-17,0,0,11,70,426.0,566.0,465.0,134.0,89.0,476.0,556.0,388.3333333333333,225.9741873164573,566.0,134.0,238.85714285714286,192.95114111386582,566.0,89.0,267.14285714285717,162.41961663583578,566.0,89.0,353.5,164.4167018640495,566.0,89.0,322.6961682320133,300.6431277440677,0.6737860165222648
2026-03-12,Thursday,12,3,0,0,0,0,0,0,0,2.0,0.43388373911755823,-0.900968867902419,1.0,6.123233995736766e-17,0,0,11,71,413.0,426.0,566.0,465.0,108.0,321.0,400.0,485.6666666666667,72.25187425481317,566.0,426.0,287.0,191.36439933627526,566.0,108.0,263.57142857142856,157.9623685885657,566.0,89.0,348.92857142857144,160.36507622284086,566.0,89.0,348.52212617400994,317.35737737819204,0.8201673810981832
2026-03-13,Friday,13,3,0,0,0,0,0,0,1,1.0,-0.433883739117558,-0.9009688679024191,1.0,6.123233995736766e-17,0,0,11,72,320.0,413.0,426.0,566.0,138.0,343.0,487.0,468.3333333333333,84.83120495037974,566.0,413.0,330.57142857142856,178.0766287705543,566.0,134.0,270.14285714285717,162.38693446061626,566.0,89.0,347.82142857142856,159.79038435155232,566.0,89.0,364.6415946305075,330.10972706109976,0.947680966519914
2026-03-14,Saturday,14,3,0,0,1,1,0,0,1,0.0,-0.9749279121818236,-0.2225209339563146,1.0,6.123233995736766e-17,0,0,11,73,343.0,320.0,413.0,426.0,172.0,386.0,484.0,386.3333333333333,57.81291666516515,426.0,320.0,356.57142857142856,157.35507315501184,566.0,134.0,268.5,161.70807029953698,566.0,89.0,340.14285714285717,155.5727088048145,566.0,89.0,353.48119597288064,328.7617634529532,1.0452261306532662
2026-03-15,Sunday,15,3,0,0,1,1,0,0,0,0.0,-0.7818314824680299,0.6234898018587334,1.0,6.123233995736766e-17,0,0,11,74,194.0,343.0,320.0,413.0,134.0,120.0,252.0,358.6666666666667,48.438965031607864,413.0,320.0,381.0,135.710476137008,566.0,134.0,265.42857142857144,159.70054394479607,566.0,89.0,339.0357142857143,155.43308245574045,566.0,89.0,350.8608969796605,330.66019499255947,1.1204705388089486
2026-03-16,Monday,16,3,0,0,0,0,0,0,0,5.0,0.0,1.0,1.0,6.123233995736766e-17,0,0,12,75,532.0,194.0,343.0,320.0,465.0,310.0,500.0,285.6666666666667,80.21429631514155,343.0,194.0,389.57142857142856,118.28617437223645,566.0,194.0,270.7142857142857,155.6912272472609,566.0,89.0,340.42857142857144,153.88991461465469,566.0,89.0,311.64567273474535,312.4388356602182,1.1410041841004184
2026-03-17,Tuesday,17,3,0,0,0,0,0,0,0,4.0,0.7818314824680298,0.6234898018587336,1.0,6.123233995736766e-17,0,0,12,76,620.0,532.0,194.0,343.0,566.0,112.0,397.0,356.3333333333333,169.39401799748813,532.0,194.0,399.14285714285717,127.73987705676043,566.0,194.0,286.57142857142856,170.59250334584513,566.0,89.0,340.5357142857143,154.02704960682036,566.0,89.0,366.734254551059,341.7136575721891,1.1686709191676252
2026-03-18,Wednesday,18,3,0,0,0,0,0,0,0,3.0,0.9749279121818236,-0.22252093395631434,1.0,6.123233995736766e-17,0,0,12,77,390.0,620.0,532.0,194.0,426.0,89.0,476.0,448.6666666666667,224.89404912832472,620.0,194.0,406.85714285714283,140.4901284449419,620.0,194.0,322.85714285714283,184.09648688531905,620.0,89.0,345.14285714285717,160.48807831245026,620.0,89.0,430.05069091329426,378.8185032292306,1.1754023937267848
2026-03-19,Thursday,19,3,0,0,0,0,0,0,0,2.0,0.43388373911755823,-0.900968867902419,1.0,6.123233995736766e-17,0,0,12,78,428.0,390.0,620.0,532.0,413.0,108.0,321.0,514.0,116.05171261123206,620.0,390.0,401.7142857142857,140.3314104607548,620.0,194.0,344.35714285714283,171.85351863762293,620.0,108.0,339.2142857142857,155.39563775345857,620.0,89.0,420.0380181849707,380.3093694653332,1.1807684232626496
2026-03-20,Friday,20,3,0,0,0,0,0,0,0,1.0,-0.433883739117558,-0.9009688679024191,1.0,6.123233995736766e-17,0,0,12,79,423.0,428.0,390.0,620.0,320.0,138.0,343.0,479.3333333333333,123.29368732150617,620.0,390.0,403.85714285714283,140.64663590173876,620.0,194.0,367.2142857142857,158.7824726673998,620.0,134.0,340.2142857142857,155.89059723690264,620.0,89.0,422.02851363872804,386.66812020328877,1.1835880259577138
2026-03-21,Saturday,21,3,0,0,1,1,0,0,0,0.0,-0.9749279121818236,-0.2225209339563146,1.0,6.123233995736766e-17,0,0,12,80,351.0,423.0,428.0,390.0,343.0,172.0,386.0,413.6666666666667,20.64784088793135,428.0,390.0,418.57142857142856,135.71275688361965,620.0,194.0,387.57142857142856,144.78775675275318,620.0,134.0,337.92857142857144,154.11778289766207,620.0,89.0,422.271385229046,391.51237084285026,1.2349841938883033
2026-03-22,Sunday,22,3,0,0,1,1,0,0,0,0.0,-0.7818314824680299,0.6234898018587334,1.0,6.123233995736766e-17,0,0,12,81,235.0,351.0,423.0,428.0,194.0,134.0,120.0,400.6666666666667,43.085186936269984,428.0,351.0,419.7142857142857,135.00211638552747,620.0,194.0,400.35714285714283,131.588874408636,620.0,134.0,333.17857142857144,151.47596156227834,620.0,89.0,404.4535389217845,386.1107213971369,1.2559581062306295
2026-03-23,Monday,23,3,0,0,0,0,0,0,0,3.0,0.0,1.0,1.0,6.123233995736766e-17,0,0,13,82,535.0,235.0,351.0,423.0,532.0,465.0,310.0,336.3333333333333,94.8542741964395,423.0,235.0,425.57142857142856,124.01996767034112,620.0,235.0,407.57142857142856,117.92156081690237,620.0,194.0,332.57142857142856,151.84700598797832,620.0,89.0,362.0901541913384,365.96262521085197,1.2758029978586725
2026-03-24,Tuesday,24,3,0,1,0,0,0,0,0,2.0,0.7818314824680298,0.6234898018587336,1.0,6.123233995736766e-17,0,0,13,83,575.0,535.0,235.0,351.0,620.0,566.0,112.0,373.6666666666667,151.27899171178174,535.0,235.0,426.0,124.45347189478781,620.0,235.0,412.57142857142856,121.9588292988906,620.0,194.0,333.82142857142856,153.4123114407289,620.0,89.0,405.3176156435038,388.500941849405,1.2723200000000001
2026-03-25,Wednesday,25,3,0,1,0,0,0,0,0,1.0,0.9749279121818236,-0.22252093395631434,1.0,6.123233995736766e-17,0,0,13,84,398.0,575.0,535.0,235.0,390.0,426.0,89.0,448.3333333333333,185.83146486355136,575.0,235.0,419.57142857142856,113.43699740804344,575.0,235.0,413.2142857142857,122.85023939203869,620.0,194.0,340.17857142857144,159.68697471672442,620.0,89.0,447.73821173262786,413.3674829361511,1.2297707526431487
2026-03-26,Thursday,26,3,0,1,0,1,0,0,0,0.0,0.43388373911755823,-0.900968867902419,1.0,6.123233995736766e-17,0,0,13,85,447.0,398.0,575.0,535.0,428.0,413.0,108.0,502.6666666666667,92.82420661300226,575.0,398.0,420.7142857142857,113.12929812934478,575.0,235.0,411.2142857142857,122.85399625410764,620.0,194.0,337.39285714285717,157.9001886532105,620.0,89.0,435.3036587994709,411.31848521133094,1.2432717678100262
2026-03-27,Friday,27,3,0,1,0,0,0,0,0,1.0,-0.433883739117558,-0.9009688679024191,1.0,6.123233995736766e-17,0,0,13,86,347.0,447.0,398.0,575.0,423.0,320.0,138.0,473.3333333333333,91.39110095262741,575.0,398.0,423.42857142857144,113.56034686875721,575.0,235.0,413.64285714285717,123.22749889337356,620.0,194.0,341.89285714285717,159.20574605434146,620.0,89.0,438.22774409960317,416.07602051648684,1.2348713675658785
2026-03-28,Saturday,28,3,0,1,1,1,0,0,0,0.0,-0.9749279121818236,-0.2225209339563146,1.0,6.123233995736766e-17,1,0,13,87,345.0,347.0,447.0,398.0,351.0,343.0,172.0,397.3333333333333,50.003333222229614,447.0,347.0,412.57142857142856,117.18341342080993,575.0,235.0,415.57142857142856,121.85282060793581,620.0,194.0,342.0357142857143,159.20857089873942,620.0,89.0,415.4208080747024,406.8658844476219,1.2027069234773555
2026-03-29,Sunday,29,3,0,1,1,1,0,0,0,0.0,-0.7818314824680299,0.6234898018587334,1.0,6.123233995736766e-17,1,0,13,88,186.0,345.0,347.0,447.0,235.0,194.0,134.0,379.6666666666667,58.32095106677644,447.0,345.0,411.7142857142857,117.72951242249401,575.0,235.0,415.7142857142857,121.7623338067476,620.0,194.0,340.57142857142856,158.97761980191893,620.0,89.0,397.8156060560268,398.61709985460567,1.205353408615642
2026-03-30,Monday,30,3,0,1,0,0,0,0,0,1.0,0.0,1.0,1.0,6.123233995736766e-17,0,0,14,89,482.0,186.0,345.0,347.0,535.0,532.0,465.0,292.6666666666667,92.3814555705491,347.0,186.0,404.7142857142857,130.72708758544078,575.0,186.0,415.14285714285717,122.89636481001534,620.0,186.0,342.92857142857144,156.04840857921528,620.0,89.0,344.8617045420201,370.26815320732493,1.1767393561786086
2026-03-31,Tuesday,31,3,0,1,0,1,0,0,0,0.0,0.7818314824680298,0.6234898018587336,1.0,6.123233995736766e-17,0,0,14,90,443.0,482.0,186.0,345.0,575.0,620.0,566.0,337.6666666666667,148.13619859215146,482.0,186.0,397.14285714285717,123.24424066520487,575.0,186.0,411.57142857142856,119.92992459426759,620.0,186.0,349.07142857142856,158.07638298348914,620.0,89.0,379.1462784065151,385.1657327796816,1.134462354621506
2026-04-01,Wednesday,1,4,1,0,0,0,0,0,0,2.0,0.9749279121818236,-0.22252093395631434,0.8660254037844387,-0.4999999999999998,0,0,14,91,349.0,443.0,482.0,186.0,398.0,390.0,426.0,370.3333333333333,160.82392027721914,482.0,186.0,378.2857142857143,99.26012003101502,482.0,186.0,398.92857142857144,104.61979830702266,575.0,186.0,360.89285714285717,151.94866074646848,620.0,89.0,395.1097088048863,392.8769684090574,1.045297542682325
2026-04-02,Thursday,2,4,1,0,0,0,0,0,0,1.0,0.43388373911755823,-0.900968867902419,0.8660254037844387,-0.4999999999999998,0,0,14,92,420.0,349.0,443.0,482.0,447.0,428.0,413.0,424.6666666666667,68.36909633257808,482.0,349.0,371.2857142857143,99.36584638884484,482.0,186.0,396.0,105.45943441765755,575.0,186.0,370.17857142857144,142.35949631294727,620.0,108.0,383.5822816036647,387.0267059545164,1.0002886558260367
2026-04-03,Friday,3,4,1,0,0,1,0,0,0,0.0,-0.433883739117558,-0.9009688679024191,0.8660254037844387,-0.4999999999999998,0,0,14,93,245.0,420.0,349.0,443.0,347.0,423.0,320.0,404.0,49.0000000000001,443.0,349.0,367.42857142857144,96.41724801240593,482.0,186.0,395.42857142857144,105.29425017957544,575.0,186.0,381.32142857142856,132.97954550910967,620.0,134.0,392.6867112027485,391.4231451605809,0.9610462400747315
2026-04-04,Saturday,4,4,1,0,1,1,0,0,0,0.0,-0.9749279121818236,-0.2225209339563146,0.8660254037844387,-0.4999999999999998,0,1,14,94,317.0,245.0,420.0,349.0,345.0,351.0,343.0,338.0,88.01704380402701,420.0,245.0,352.85714285714283,107.1314279618401,482.0,186.0,382.7142857142857,112.22739866444789,575.0,186.0,385.14285714285717,127.1373460549834,620.0,134.0,355.76503340206136,371.90005913917014,0.9137994820569736
2026-04-05,Sunday,5,4,1,0,1,1,0,0,0,0.0,-0.7818314824680299,0.6234898018587334,0.8660254037844387,-0.4999999999999998,0,1,14,95,196.0,317.0,245.0,420.0,186.0,235.0,194.0,327.3333333333333,87.95642860719927,420.0,245.0,348.85714285714283,107.99294509585461,482.0,186.0,380.2857142857143,113.32894841765038,575.0,186.0,390.32142857142856,120.93587329545888,620.0,134.0,346.073775051546,364.58005125394743,0.8914848955005932
2026-04-06,Monday,6,4,1,0,0,0,0,0,0,5.0,0.0,1.0,0.8660254037844387,-0.4999999999999998,0,0,15,96,553.0,196.0,317.0,245.0,482.0,535.0,532.0,252.66666666666666,60.863234660452775,317.0,196.0,350.2857142857143,105.51731972479607,482.0,196.0,377.5,117.57468984567896,575.0,186.0,392.5357142857143,116.5572446047053,620.0,186.0,308.55533128865954,342.1027110867544,0.8900989200471913
2026-04-07,Tuesday,7,4,1,0,0,0,0,0,0,4.0,0.7818314824680298,0.6234898018587336,0.8660254037844387,-0.4999999999999998,0,0,15,97,599.0,553.0,196.0,317.0,443.0,575.0,620.0,355.3333333333333,181.5608254369134,553.0,196.0,360.42857142857144,122.35720540403737,553.0,196.0,378.7857142857143,119.51194248109394,575.0,186.0,395.67857142857144,119.72686618621704,620.0,186.0,369.66649846649466,370.2223496085205,0.9086161879895561
2026-04-08,Wednesday,8,4,0,0,0,0,0,0,0,3.0,0.9749279121818236,-0.22252093395631434,0.8660254037844387,-0.4999999999999998,0,0,15,98,403.0,599.0,553.0,196.0,349.0,398.0,390.0,449.3333333333333,220.59540641938432,599.0,196.0,382.7142857142857,150.8030882593971,599.0,196.0,380.5,122.6732683563566,599.0,186.0,396.85714285714283,121.6131432607366,620.0,186.0,426.999873849871,400.72603632738446,0.9619389587073609
2026-04-09,Thursday,9,4,0,0,0,0,0,0,0,2.0,0.43388373911755823,-0.900968867902419,0.8660254037844387,-0.4999999999999998,0,0,15,99,411.0,403.0,599.0,553.0,420.0,447.0,428.0,518.3333333333334,102.4955283577452,599.0,403.0,390.42857142857144,150.1708550760959,599.0,196.0,380.85714285714283,122.7353984064008,599.0,186.0,396.0357142857143,121.48661933418228,620.0,186.0,420.99990538740326,401.0292314837332,0.9833588198254926
2026-04-10,Friday,10,4,0,0,0,0,0,0,0,1.0,-0.433883739117558,-0.9009688679024191,0.8660254037844387,-0.4999999999999998,0,0,15,100,338.0,411.0,403.0,599.0,245.0,347.0,423.0,471.0,110.92339699089648,599.0,403.0,389.14285714285717,149.91378474691027,599.0,196.0,378.2857142857143,121.61504750736931,599.0,186.0,395.9642857142857,121.47686325748677,620.0,186.0,418.49992904055244,402.35866728590213,0.9802968960863698
2026-04-11,Saturday,11,4,0,0,1,1,0,0,0,0.0,-0.9749279121818236,-0.2225209339563146,0.8660254037844387,-0.4999999999999998,0,0,15,101,353.0,338.0,411.0,403.0,317.0,345.0,351.0,384.0,40.037482438335694,411.0,338.0,402.42857142857144,138.7129615943867,599.0,196.0,377.64285714285717,121.81676475684326,599.0,186.0,396.60714285714283,121.10703539086346,620.0,186.0,398.37494678041435,393.77751164778186,1.0121261115602265
2026-04-12,Sunday,12,4,0,0,1,1,0,0,0,0.0,-0.7818314824680299,0.6234898018587334,0.8660254037844387,-0.4999999999999998,0,0,15,102,190.0,353.0,338.0,411.0,196.0,186.0,235.0,367.3333333333333,38.55299383100327,411.0,338.0,407.57142857142856,135.6513387854532,599.0,196.0,378.2142857142857,121.67053784799215,599.0,186.0,396.9642857142857,120.95774656890019,620.0,186.0,387.03121008531076,388.3405100947443,1.0241407161446647
2026-04-13,Monday,13,4,0,0,0,0,0,0,0,6.0,0.0,1.0,0.8660254037844387,-0.4999999999999998,0,0,16,103,489.0,190.0,353.0,338.0,553.0,482.0,535.0,293.6666666666667,90.09069504301425,353.0,190.0,406.7142857142857,137.22088554069137,599.0,190.0,378.5,121.18818805096822,599.0,190.0,396.82142857142856,121.2084380302596,620.0,186.0,337.7734075639831,361.89510874877834,1.0223538917317534
2026-04-14,Tuesday,14,4,0,0,0,0,0,0,0,5.0,0.7818314824680298,0.6234898018587336,0.8660254037844387,-0.4999999999999998,0,0,16,104,508.0,489.0,190.0,353.0,599.0,443.0,575.0,344.0,149.7030393813033,489.0,190.0,397.57142857142856,127.64776684671169,599.0,190.0,379.0,121.66157347962574,599.0,190.0,395.2857142857143,119.69524794640851,620.0,186.0,375.5800556729873,378.8424275822746,1.0032444124008653
2026-04-15,Wednesday,15,4,0,0,0,0,0,0,0,4.0,0.9749279121818236,-0.22252093395631434,0.8660254037844387,-0.4999999999999998,0,0,16,105,385.0,508.0,489.0,190.0,403.0,349.0,398.0,395.6666666666667,178.36572914473612,508.0,190.0,384.57142857142856,106.61591054318518,508.0,190.0,383.64285714285717,125.4724040409846,599.0,190.0,391.2857142857143,113.6250680292686,599.0,186.0,408.6850417547405,396.06343723797136,0.9803350327749454
2026-04-16,Thursday,16,4,0,0,0,0,0,0,0,3.0,0.43388373911755823,-0.900968867902419,0.8660254037844387,-0.4999999999999998,0,0,16,106,417.0,385.0,508.0,489.0,411.0,420.0,447.0,460.6666666666667,66.2142985565305,508.0,385.0,382.0,106.31400033234922,508.0,190.0,386.2142857142857,125.07608673334556,599.0,190.0,391.10714285714283,113.6310922779279,599.0,186.0,402.7637813160554,394.5883122729085,0.9742235176245561
2026-04-17,Friday,17,4,0,0,0,0,0,0,0,2.0,-0.433883739117558,-0.9009688679024191,0.8660254037844387,-0.4999999999999998,0,0,16,107,395.0,417.0,385.0,508.0,338.0,245.0,347.0,436.6666666666667,63.81483631048004,508.0,385.0,382.85714285714283,106.61055071525335,508.0,190.0,386.0,125.01630662868277,599.0,190.0,390.7142857142857,113.51777708484936,599.0,186.0,406.3228359870415,397.5765373031874,0.9773887673231217
2026-04-18,Saturday,18,4,0,0,1,0,0,0,0,1.0,-0.9749279121818236,-0.2225209339563146,0.8660254037844387,-0.4999999999999998,0,0,16,108,517.0,395.0,417.0,385.0,353.0,317.0,345.0,399.0,16.370705543746038,417.0,385.0,391.0,104.77436073136764,508.0,190.0,396.7142857142857,118.2470871792347,599.0,190.0,389.7142857142857,113.34603103471505,599.0,186.0,403.4921269902811,397.2329989960958,1.0007312614259598
2026-04-19,Sunday,19,4,0,0,1,1,0,0,0,0.0,-0.7818314824680299,0.6234898018587334,0.8660254037844387,-0.4999999999999998,0,0,16,109,217.0,517.0,395.0,417.0,190.0,196.0,186.0,443.0,65.02307282803565,517.0,395.0,414.42857142857144,112.88320976841129,517.0,190.0,411.0,119.9448591260548,599.0,190.0,395.64285714285717,115.56566652956712,599.0,186.0,431.86909524271084,413.201932463283,1.0448406266882766
2026-04-20,Monday,20,4,0,0,0,0,0,0,0,99.0,0.0,1.0,0.8660254037844387,-0.4999999999999998,0,0,17,110,480.0,217.0,517.0,395.0,489.0,553.0,482.0,376.3333333333333,150.86859624631424,517.0,217.0,418.2857142857143,104.05241353233889,517.0,217.0,412.5,117.14799975310609,599.0,190.0,395.0,116.53834212474887,599.0,186.0,378.1518214320331,387.041674801512,1.0562770562770563
2026-04-21,Tuesday,21,4,0,0,0,0,0,0,0,99.0,0.7818314824680298,0.6234898018587336,0.8660254037844387,-0.4999999999999998,0,0,17,111,501.0,480.0,217.0,517.0,508.0,599.0,443.0,404.6666666666667,163.57363275703506,517.0,217.0,417.0,103.08410805421674,517.0,217.0,407.2857142857143,111.92128316979539,599.0,190.0,393.0357142857143,114.53755073817652,599.0,186.0,403.6138660740248,399.4361181613104,1.058279706335539
2026-04-22,Wednesday,22,4,0,0,0,0,0,0,0,99.0,0.9749279121818236,-0.22252093395631434,0.8660254037844387,-0.4999999999999998,0,0,17,112,378.0,501.0,480.0,217.0,385.0,403.0,349.0,399.3333333333333,158.25401522025712,501.0,217.0,416.0,102.08329931972271,517.0,217.0,400.2857142857143,101.5968114062247,517.0,190.0,390.39285714285717,110.98192688558768,599.0,186.0,427.9603995555186,412.9779690731357,1.062870699881376
2026-04-23,Thursday,23,4,0,0,0,0,0,0,0,99.0,0.43388373911755823,-0.900968867902419,0.8660254037844387,-0.4999999999999998,0,0,17,113,386.0,378.0,501.0,480.0,417.0,411.0,420.0,453.0,65.79513659838409,501.0,378.0,415.0,102.47113414680952,517.0,217.0,398.5,101.7650007842347,517.0,190.0,389.67857142857144,110.99551327983399,599.0,186.0,415.470299666639,408.3142398633843,1.0622543194076242
2026-04-24,Friday,24,4,0,1,0,0,0,1,0,99.0,-0.433883739117558,-0.9009688679024191,0.8660254037844387,-0.4999999999999998,0,0,17,114,340.0,386.0,378.0,501.0,395.0,338.0,245.0,421.6666666666667,68.82102391953612,501.0,378.0,410.57142857142856,103.0385965595052,517.0,217.0,396.7142857142857,101.74812685588479,517.0,190.0,387.5,110.4259430065631,599.0,186.0,408.10272474997925,405.33900788159974,1.0568119139547711
2026-04-25,Saturday,25,4,0,1,1,0,0,1,0,99.0,-0.9749279121818236,-0.2225209339563146,0.8660254037844387,-0.4999999999999998,1,0,17,115,486.0,340.0,386.0,378.0,517.0,353.0,317.0,368.0,24.57641145488985,386.0,340.0,402.7142857142857,106.46394426551893,517.0,217.0,396.85714285714283,101.66071561277249,517.0,190.0,387.25,110.52890521890065,599.0,186.0,391.07704356248445,396.6271401640531,1.0372550823291327
2026-04-26,Sunday,26,4,0,1,1,0,0,1,0,99.0,-0.7818314824680299,0.6234898018587334,0.8660254037844387,-0.4999999999999998,1,0,17,116,215.0,486.0,340.0,386.0,217.0,190.0,196.0,404.0,74.64583042608632,486.0,340.0,398.2857142857143,101.4440967326579,501.0,217.0,406.35714285714283,103.44571756973018,517.0,190.0,392.2857142857143,111.73807240773691,599.0,186.0,414.8077826718633,408.5435214755127,1.012713403559753
2026-04-27,Monday,27,4,0,1,0,0,0,1,0,99.0,0.0,1.0,0.8660254037844387,-0.4999999999999998,0,0,18,117,446.0,215.0,486.0,340.0,480.0,489.0,553.0,347.0,135.6355410650175,486.0,215.0,398.0,102.04084149659597,501.0,215.0,408.14285714285717,99.56664342798938,517.0,215.0,393.32142857142856,109.87401997082883,599.0,190.0,364.8558370038975,382.73771861211105,1.0093288651390273
2026-04-28,Tuesday,28,4,0,1,0,0,0,1,0,99.0,0.7818314824680298,0.6234898018587336,0.8660254037844387,-0.4999999999999998,0,0,18,118,490.0,446.0,215.0,486.0,501.0,508.0,599.0,382.3333333333333,146.2885276887199,486.0,215.0,393.14285714285717,98.22496045885151,501.0,215.0,405.07142857142856,97.52275023391574,517.0,215.0,392.0357142857143,109.00509065341681,599.0,190.0,385.1418777529231,391.17268946382956,1.0002726033621083
2026-04-29,Wednesday,29,4,0,1,0,0,0,1,0,99.0,0.9749279121818236,-0.22252093395631434,0.8660254037844387,-0.4999999999999998,0,0,18,119,288.0,490.0,446.0,215.0,378.0,385.0,403.0,383.6666666666667,147.71707190888048,490.0,215.0,391.57142857142856,96.28059192252853,490.0,215.0,403.7857142857143,96.17066446321667,517.0,215.0,393.7142857142857,110.17456086789586,599.0,190.0,411.3564083146923,404.3496642019856,0.9920376402461092
2026-04-30,Thursday,30,4,0,1,0,0,0,1,0,99.0,0.43388373911755823,-0.900968867902419,0.8660254037844387,-0.4999999999999998,0,0,18,120,304.0,288.0,490.0,446.0,386.0,417.0,411.0,408.0,106.22617379911614,490.0,288.0,378.7142857142857,104.08764621816644,490.0,215.0,396.85714285714283,101.00103361455614,517.0,215.0,391.5357142857143,111.68423813420978,599.0,190.0,380.51730623601924,388.83637564172085,0.9647893731234647
2026-05-01,Friday,1,5,1,0,0,0,0,1,0,99.0,-0.433883739117558,-0.9009688679024191,0.49999999999999994,-0.8660254037844387,0,0,18,121,192.0,304.0,288.0,490.0,340.0,395.0,338.0,360.6666666666667,112.29128787814916,490.0,288.0,367.0,107.68317726862793,490.0,215.0,388.7857142857143,103.74538252666625,517.0,215.0,387.39285714285717,112.73579052638206,599.0,190.0,361.3879796770144,377.5248588894914,0.944919540229885
2026-05-02,Saturday,2,5,1,0,1,0,0,1,0,99.0,-0.9749279121818236,-0.2225209339563146,0.49999999999999994,-0.8660254037844387,0,1,18,122,337.0,192.0,304.0,288.0,486.0,517.0,353.0,261.3333333333333,60.57502235520341,304.0,192.0,345.85714285714283,126.71546679000792,490.0,192.0,374.2857142857143,116.24339754380631,517.0,192.0,385.5,115.62311059517269,599.0,190.0,319.04098475776084,352.7882110375592,0.8948438366290888
2026-05-03,Sunday,3,5,1,0,1,0,0,1,0,99.0,-0.7818314824680299,0.6234898018587334,0.49999999999999994,-0.8660254037844387,0,1,18,123,115.0,337.0,192.0,304.0,215.0,217.0,190.0,277.6666666666667,76.00219295081813,337.0,192.0,324.57142857142856,110.76078900473964,490.0,192.0,361.42857142857144,108.97121305521567,501.0,192.0,386.2142857142857,115.24542479642204,599.0,190.0,323.53073856832066,350.68311623255136,0.8382217303080611
2026-05-04,Monday,4,5,1,0,0,0,0,0,0,99.0,0.0,1.0,0.49999999999999994,-0.8660254037844387,0,0,19,124,370.0,115.0,337.0,192.0,446.0,480.0,489.0,214.66666666666666,112.72237281628436,337.0,115.0,310.2857142857143,131.7152411906262,490.0,115.0,354.14285714285717,122.0011709545677,501.0,115.0,383.32142857142856,121.06657292318516,599.0,115.0,271.3980539262405,319.25870073487783,0.8073599107889602
2026-05-05,Tuesday,5,5,1,0,0,0,0,0,0,99.0,0.7818314824680298,0.6234898018587336,0.49999999999999994,-0.8660254037844387,0,0,19,125,347.0,370.0,115.0,337.0,490.0,501.0,508.0,274.0,138.68309197591486,370.0,115.0,299.42857142857144,121.39173110616903,490.0,115.0,346.2857142857143,116.69910590352121,501.0,115.0,376.7857142857143,116.41762534970093,599.0,115.0,296.0485404446804,326.0242073035608,0.7925883910001892
2026-05-06,Wednesday,6,5,1,0,0,0,0,0,0,99.0,0.9749279121818236,-0.22252093395631434,0.49999999999999994,-0.8660254037844387,0,0,19,126,185.0,347.0,370.0,115.0,288.0,378.0,385.0,277.3333333333333,141.05436304252837,370.0,115.0,279.0,92.59229629582256,370.0,115.0,335.2857142857143,107.92192945431809,490.0,115.0,367.7857142857143,108.04195246321372,517.0,115.0,308.7864053335103,328.820979663086,0.7565368971528181
2026-05-07,Thursday,7,5,1,0,0,0,1,0,0,99.0,0.43388373911755823,-0.900968867902419,0.49999999999999994,-0.8660254037844387,0,0,19,127,155.0,185.0,347.0,370.0,304.0,386.0,417.0,300.6666666666667,100.82823678580019,370.0,185.0,264.2857142857143,98.89340100282132,370.0,115.0,321.5,114.19063008846202,490.0,115.0,360.0,113.1446141170827,517.0,115.0,277.83980400013274,309.6448490413412,0.7320933913731698
2026-05-08,Friday,8,5,0,0,0,0,1,0,0,99.0,-0.433883739117558,-0.9009688679024191,0.49999999999999994,-0.8660254037844387,0,0,19,128,170.0,155.0,185.0,347.0,192.0,340.0,395.0,229.0,103.28601066940313,347.0,155.0,243.0,104.78072341800306,370.0,115.0,305.0,120.65972497386694,490.0,115.0,350.85714285714283,119.0594978200558,517.0,115.0,247.12985300009956,289.0255358358291,0.6906211936662607
2026-05-09,Saturday,9,5,0,0,1,0,1,0,0,99.0,-0.9749279121818236,-0.2225209339563146,0.49999999999999994,-0.8660254037844387,0,0,19,129,149.0,170.0,155.0,185.0,337.0,486.0,517.0,170.0,15.00000000000188,185.0,155.0,239.85714285714286,106.87442564590891,370.0,115.0,292.85714285714283,125.33024507145238,490.0,115.0,344.85714285714283,123.8675260960833,517.0,115.0,227.84738975007468,273.1554643910519,0.6935150764147048
2026-05-10,Sunday,10,5,0,0,1,0,1,0,0,99.0,-0.7818314824680299,0.6234898018587334,0.49999999999999994,-0.8660254037844387,0,0,19,130,75.0,149.0,170.0,155.0,115.0,215.0,217.0,158.0,10.816653826394575,170.0,149.0,213.0,101.90027804999708,370.0,115.0,268.7857142857143,117.49905307076936,490.0,115.0,337.57142857142856,129.25324799169255,517.0,115.0,208.13554231255603,256.601402472245,0.6291139240506329
2026-05-11,Monday,11,5,0,0,0,0,1,0,0,99.0,0.0,1.0,0.49999999999999994,-0.8660254037844387,0,0,20,131,151.0,75.0,149.0,170.0,370.0,446.0,480.0,131.33333333333334,49.90323970779242,170.0,75.0,207.28571428571428,109.17373659403991,370.0,75.0,258.7857142857143,127.92376249543719,490.0,75.0,333.4642857142857,135.7785457723839,517.0,75.0,174.85165673441702,232.38788214261234,0.6197544046983449
2026-05-12,Tuesday,12,5,0,0,0,0,1,0,0,99.0,0.7818314824680298,0.6234898018587336,0.49999999999999994,-0.8660254037844387,0,0,20,132,169.0,151.0,75.0,149.0,347.0,490.0,501.0,125.0,43.31281565541609,151.0,75.0,176.0,83.0200778928409,347.0,75.0,237.71428571428572,118.67565920571967,490.0,75.0,321.39285714285717,136.46172690557884,517.0,75.0,168.88874255081276,221.53616452359736,0.5459178021491082
2026-05-13,Wednesday,13,5,0,0,0,0,1,0,0,99.0,0.9749279121818236,-0.22252093395631434,0.49999999999999994,-0.8660254037844387,0,0,20,133,114.0,169.0,151.0,75.0,185.0,288.0,378.0,131.66666666666666,49.89321931218099,169.0,75.0,150.57142857142858,35.6737865612704,185.0,75.0,214.78571428571428,94.7889790505763,370.0,75.0,309.2857142857143,134.31385498231936,517.0,75.0,168.91655691310956,214.5313425871177,0.48526703499079193
2026-05-14,Thursday,14,5,0,0,0,0,1,0,0,99.0,0.43388373911755823,-0.900968867902419,0.49999999999999994,-0.8660254037844387,0,0,20,134,124.0,114.0,169.0,151.0,155.0,304.0,386.0,144.66666666666666,28.041635710731814,169.0,114.0,140.42857142857142,34.32131088627598,170.0,75.0,202.35714285714286,95.85213543855933,370.0,75.0,299.60714285714283,138.35899073591204,517.0,75.0,155.18741768483216,201.127163575502,0.46714981584887727
2026-05-15,Friday,15,5,0,0,0,0,1,0,0,99.0,-0.433883739117558,-0.9009688679024191,0.49999999999999994,-0.8660254037844387,0,0,20,135,105.0,124.0,114.0,169.0,170.0,192.0,340.0,135.66666666666666,29.297326385412546,169.0,114.0,136.0,34.127212992957546,170.0,75.0,189.5,93.20510880682653,370.0,75.0,289.14285714285717,140.2190651922417,517.0,75.0,147.39056326362413,190.84354176543508,0.4687346134908911
2026-05-16,Saturday,16,5,0,0,1,0,1,0,0,99.0,-0.9749279121818236,-0.2225209339563146,0.49999999999999994,-0.8660254037844387,0,0,20,136,118.0,105.0,124.0,114.0,149.0,337.0,486.0,114.33333333333333,9.504384952925228,124.0,105.0,126.71428571428571,32.11808569282188,169.0,75.0,183.28571428571428,95.88729648067931,370.0,75.0,278.7857142857143,142.7970217406137,517.0,75.0,136.7929224477181,179.3977361967104,0.45289762573398007
2026-05-17,Sunday,17,5,0,0,1,0,1,0,0,99.0,-0.7818314824680299,0.6234898018587334,0.49999999999999994,-0.8660254037844387,0,0,20,137,65.0,118.0,105.0,124.0,75.0,115.0,215.0,115.66666666666667,9.7125348562253,124.0,105.0,122.28571428571429,30.636113143991487,169.0,75.0,167.64285714285714,86.2622184369867,370.0,75.0,264.5357142857143,137.9716777546528,501.0,75.0,132.09469183578858,171.21137137048234,0.46052454606590454
2026-05-18,Monday,18,5,0,0,0,0,1,0,0,99.0,0.0,1.0,0.49999999999999994,-0.8660254037844387,0,0,21,138,138.0,65.0,118.0,105.0,151.0,370.0,446.0,96.0,27.62245463386734,118.0,65.0,120.85714285714286,33.32380816287673,169.0,65.0,164.07142857142858,89.58061628045932,370.0,65.0,259.10714285714283,142.81646841591325,501.0,65.0,115.32101887684144,157.04985518775135,0.46464369078676376
2026-05-19,Tuesday,19,5,0,0,0,0,1,0,0,99.0,0.7818314824680298,0.6234898018587336,0.49999999999999994,-0.8660254037844387,0,0,21,139,139.0,138.0,65.0,118.0,169.0,347.0,490.0,107.0,37.72267222772081,138.0,65.0,119.0,31.685959035510013,169.0,65.0,147.5,67.2249381382564,347.0,65.0,246.89285714285714,137.76021553455442,501.0,65.0,120.99076415763108,154.50987449605117,0.48004610286702204
2026-05-20,Wednesday,20,5,0,0,0,0,1,0,0,99.0,0.9749279121818236,-0.22252093395631434,0.49999999999999994,-0.8660254037844387,0,0,21,140,112.0,139.0,138.0,65.0,114.0,185.0,288.0,114.0,42.43819034784657,139.0,65.0,114.71428571428571,25.150972716208138,139.0,65.0,132.64285714285714,35.006828219336356,185.0,65.0,233.96428571428572,129.785144999086,490.0,65.0,125.49307311822331,152.44189122991102,0.48822009423924606
2026-05-21,Thursday,21,5,0,0,0,0,1,0,0,99.0,0.43388373911755823,-0.900968867902419,0.49999999999999994,-0.8660254037844387,0,0,21,141,121.0,112.0,139.0,138.0,124.0,155.0,304.0,129.66666666666666,15.30795000427526,139.0,112.0,114.42857142857143,25.171790711410758,139.0,65.0,127.42857142857143,31.907834306169953,170.0,65.0,224.46428571428572,128.5812848955739,490.0,65.0,122.11980483866748,147.0496390659229,0.5075241565024552
2026-05-22,Friday,22,5,0,0,0,0,1,0,0,99.0,-0.433883739117558,-0.9009688679024191,0.49999999999999994,-0.8660254037844387,0,0,21,142,106.0,121.0,112.0,139.0,105.0,170.0,192.0,124.0,13.747727084869625,139.0,112.0,114.0,25.006665778015076,139.0,65.0,125.0,30.92671237719338,170.0,65.0,215.0,125.97736422189591,490.0,65.0,121.8398536290006,143.57635385713317,0.5277777777777778
2026-05-23,Saturday,23,5,0,0,1,0,1,0,0,99.0,-0.9749279121818236,-0.2225209339563146,0.49999999999999994,-0.8660254037844387,0,0,21,143,128.0,106.0,121.0,112.0,118.0,149.0,337.0,113.0,7.5498344352746205,121.0,106.0,114.14285714285714,24.949472749463215,139.0,65.0,120.42857142857143,28.389364979797538,169.0,65.0,206.64285714285714,125.13672945303064,490.0,65.0,117.87989022175046,138.56617334284874,0.5497076023391813
2026-05-24,Sunday,24,5,0,1,1,0,1,0,0,99.0,-0.7818314824680299,0.6234898018587334,0.49999999999999994,-0.8660254037844387,1,0,21,144,63.0,128.0,106.0,121.0,65.0,75.0,115.0,118.33333333333333,11.239810200060829,128.0,106.0,115.57142857142857,25.487625382115638,139.0,65.0,118.92857142857143,27.297405584569084,169.0,65.0,193.85714285714286,113.26230267105265,490.0,65.0,120.40991766631285,137.15735023046892,0.593108504398827
2026-05-25,Monday,25,5,0,1,0,0,1,0,0,99.0,0.0,1.0,0.49999999999999994,-0.8660254037844387,0,0,22,145,146.0,63.0,128.0,106.0,138.0,151.0,370.0,99.0,33.06055050963397,128.0,63.0,115.28571428571429,26.151572838068063,139.0,63.0,118.07142857142857,28.922879646277952,169.0,63.0,188.42857142857142,115.82503681604892,490.0,63.0,106.05743824973464,127.26970353307307,0.6085972850678734
2026-05-26,Tuesday,26,5,0,1,0,0,1,0,0,99.0,0.7818314824680298,0.6234898018587336,0.49999999999999994,-0.8660254037844387,0,0,22,146,147.0,146.0,63.0,128.0,139.0,169.0,347.0,112.33333333333333,43.6615773115607,146.0,63.0,116.42857142857143,27.45212282536754,146.0,63.0,117.71428571428571,28.51296215739648,169.0,63.0,177.71428571428572,104.43139060605908,490.0,63.0,116.04307868730098,129.76707639532998,0.6514788169464428
2026-05-27,Wednesday,27,5,0,1,0,0,1,0,0,99.0,0.9749279121818236,-0.22252093395631434,0.49999999999999994,-0.8660254037844387,0,0,22,147,120.0,147.0,146.0,63.0,112.0,114.0,185.0,118.66666666666667,48.211340298039744,147.0,63.0,117.57142857142857,28.687146615730175,147.0,63.0,116.14285714285714,25.961086687158065,147.0,63.0,165.46428571428572,84.69530667956117,370.0,63.0,123.78230901547573,132.0647995426193,0.7062862046771079
2026-05-28,Thursday,28,5,0,1,0,0,1,0,0,99.0,0.43388373911755823,-0.900968867902419,0.49999999999999994,-0.8660254037844387,0,0,22,148,95.0,120.0,147.0,146.0,121.0,124.0,155.0,137.66666666666666,15.307950004275236,147.0,120.0,118.71428571428571,28.587376501492997,147.0,63.0,116.57142857142857,25.97251294294686,147.0,63.0,159.46428571428572,81.58680092181599,370.0,63.0,122.8367317616068,130.4561596036034,0.7398174938793678
2026-05-29,Friday,29,5,0,1,0,0,1,0,0,99.0,-0.433883739117558,-0.9009688679024191,0.49999999999999994,-0.8660254037844387,0,0,22,149,99.0,95.0,120.0,147.0,106.0,105.0,170.0,120.66666666666667,26.00640946638715,147.0,95.0,115.0,29.899832775452396,147.0,63.0,114.5,26.48584527630022,147.0,63.0,152.0,77.32279621699391,370.0,63.0,115.8775488212051,125.72867165645629,0.7516339869281046
2026-05-30,Saturday,30,5,0,1,1,0,1,0,0,99.0,-0.9749279121818236,-0.2225209339563146,0.49999999999999994,-0.8660254037844387,1,0,22,150,135.0,99.0,95.0,120.0,128.0,118.0,149.0,104.66666666666667,13.428824718991315,120.0,95.0,114.0,30.364452901378236,147.0,63.0,114.07142857142857,26.69907600162924,147.0,63.0,148.67857142857142,77.53806882043213,370.0,63.0,111.65816161590382,122.16484876892879,0.7616320687186829
2026-05-31,Sunday,31,5,0,1,1,0,1,0,0,99.0,-0.7818314824680299,0.6234898018587334,0.49999999999999994,-0.8660254037844387,1,0,22,151,60.0,135.0,99.0,95.0,63.0,65.0,75.0,109.66666666666667,22.030282189145737,135.0,95.0,115.0,31.010750823975293,147.0,63.0,115.28571428571429,27.27193139032064,147.0,63.0,141.46428571428572,68.20257524347028,370.0,63.0,117.49362121192786,123.87620226640496,0.8072198546001503
